patient_id,date,stress_level,alcohol_consumed,caffeine_consumed,chocolate_consumed,processed_food_consumed,water_consumed_liters
P0000,2024-01-01,5.0250487,False,True,True,False,2.2671432
P0000,2024-01-02,9.6166115,False,True,False,True,2.6577585
P0000,2024-01-03,5.9096394,False,True,False,True,2.3240154
P0000,2024-01-04,4.177852,False,True,True,False,2.4019625
P0000,2024-01-05,3.6582823,False,True,False,True,0.5635478
P0000,2024-01-06,7.0134726,True,True,True,True,2.7689161
P0000,2024-01-07,8.891665,False,True,False,True,1.2243786
P0000,2024-01-08,9.732352,False,False,False,False,2.5091803
P0000,2024-01-09,4.49127,True,True,False,False,2.7402282
P0000,2024-01-10,8.381374,False,True,False,True,2.545037
P0000,2024-01-11,6.0588202,True,True,False,True,0.7996634
P0000,2024-01-12,5.1696,True,True,True,False,1.409074
P0000,2024-01-13,3.2603703,False,True,False,True,1.2121012
P0000,2024-01-14,2.6555614,False,True,True,True,2.7706647
P0000,2024-01-15,3.239969,False,True,False,True,2.1803389
P0000,2024-01-16,3.584464,False,True,False,True,2.0838242
P0000,2024-01-17,3.9965324,True,True,False,True,0.60193783
P0000,2024-01-18,3.990217,False,True,True,True,1.0662395
P0000,2024-01-19,3.79132,False,True,False,False,0.84380233
P0000,2024-01-20,3.2663758,True,True,True,True,2.14996
P0000,2024-01-21,2.6129155,True,True,True,True,2.7430394
P0000,2024-01-22,3.3794115,False,True,False,False,2.7427757
P0000,2024-01-23,7.10523,False,True,True,True,2.7463856
P0000,2024-01-24,8.607262,True,True,False,True,0.90202016
P0000,2024-01-25,5.867959,False,True,False,False,1.0931227
P0000,2024-01-26,4.226465,False,True,False,True,1.9207715
P0000,2024-01-27,3.29442,True,True,True,False,1.4827443
P0000,2024-01-28,3.0968955,False,False,False,True,1.7312943
P0000,2024-01-29,3.1806335,False,True,False,True,2.1136808
P0000,2024-01-30,3.991287,False,False,False,True,0.5386415
P0001,2024-01-01,5.641324,False,False,False,True,0.8910926
P0001,2024-01-02,6.395183,False,False,False,True,1.1998347
P0001,2024-01-03,6.6170917,False,False,False,True,1.5490001
P0001,2024-01-04,6.5288095,True,True,False,True,0.7901816
P0001,2024-01-05,5.7203403,True,True,True,False,1.6854346
P0001,2024-01-06,4.7699237,False,False,False,True,1.4962618
P0001,2024-01-07,4.9741397,False,False,True,True,2.0646498
P0001,2024-01-08,9.441962,False,False,False,True,2.106048
P0001,2024-01-09,10.0,True,False,False,True,1.4704248
P0001,2024-01-10,7.1289907,False,False,False,True,2.9029765
P0001,2024-01-11,6.798783,False,True,True,True,0.5455546
P0001,2024-01-12,6.3635454,False,True,False,False,0.55817986
P0001,2024-01-13,8.231793,True,True,True,True,2.69368
P0001,2024-01-14,5.221042,False,True,False,False,2.5170867
P0001,2024-01-15,5.7767916,True,True,False,True,2.8268933
P0001,2024-01-16,6.4685817,False,False,False,False,0.7578097
P0001,2024-01-17,5.486161,False,False,False,True,2.7388082
P0001,2024-01-18,5.7209787,True,True,True,True,1.298284
P0001,2024-01-19,6.294085,True,True,False,True,1.233027
P0001,2024-01-20,5.3155017,True,False,False,False,2.4740453
P0001,2024-01-21,8.0793495,False,True,False,True,2.7192605
P0001,2024-01-22,6.7567515,True,True,False,True,0.75280666
P0001,2024-01-23,5.879782,True,True,True,False,0.70337194
P0001,2024-01-24,9.413714,False,False,False,False,2.8681214
P0001,2024-01-25,6.139904,False,False,False,True,2.4428673
P0001,2024-01-26,6.325599,False,False,False,True,1.7315627
P0001,2024-01-27,9.302154,True,False,True,True,0.7938156
P0001,2024-01-28,5.245644,False,False,False,True,1.2142802
P0001,2024-01-29,5.6390414,False,True,False,True,2.9246972
P0001,2024-01-30,5.7433043,False,False,False,True,1.8846357
P0002,2024-01-01,5.9541035,False,True,False,True,2.430796
P0002,2024-01-02,6.1029243,False,False,False,False,1.5087072
P0002,2024-01-03,6.240461,True,True,False,False,2.2601993
P0002,2024-01-04,9.122487,True,True,False,False,1.4806101
P0002,2024-01-05,9.42649,False,True,False,False,1.491357
P0002,2024-01-06,8.230997,False,False,True,False,1.7302908
P0002,2024-01-07,8.512136,False,False,False,True,2.083502
P0002,2024-01-08,8.8550825,False,True,True,True,0.87975675
P0002,2024-01-09,5.432226,False,True,False,False,1.6849041
P0002,2024-01-10,6.395779,True,True,True,True,1.1964759
P0002,2024-01-11,6.6006384,True,True,False,True,1.4106747
P0002,2024-01-12,6.053646,False,True,False,False,0.70439756
P0002,2024-01-13,5.2027683,False,True,True,False,2.3706493
P0002,2024-01-14,4.587616,True,True,False,False,1.4222841
P0002,2024-01-15,5.0751896,False,True,True,False,2.738017
P0002,2024-01-16,8.322443,False,True,False,True,1.1061763
P0002,2024-01-17,5.6124096,False,True,False,True,1.3187433
P0002,2024-01-18,5.9363766,False,False,False,False,1.7461056
P0002,2024-01-19,10.0,True,False,False,False,1.5791489
P0002,2024-01-20,6.75865,True,True,False,False,1.3902419
P0002,2024-01-21,5.7986517,False,True,True,True,1.1148943
P0002,2024-01-22,6.1525574,True,True,True,False,0.70058435
P0002,2024-01-23,6.0318375,False,False,True,True,2.923676
P0002,2024-01-24,5.6784253,False,True,True,False,2.82344
P0002,2024-01-25,6.278376,True,True,True,True,1.3091981
P0002,2024-01-26,6.277672,False,True,True,False,1.2215763
P0002,2024-01-27,4.7895846,True,False,False,True,1.3415107
P0002,2024-01-28,5.1288843,True,False,False,False,1.1366017
P0002,2024-01-29,6.125753,False,False,False,True,1.3721707
P0002,2024-01-30,6.602981,False,False,False,True,2.3271687
P0003,2024-01-01,5.1774874,False,True,False,False,0.8833785
P0003,2024-01-02,5.016856,False,False,True,False,2.8302958
P0003,2024-01-03,8.013905,False,False,False,True,1.9407209
P0003,2024-01-04,5.9487195,False,True,False,False,2.8139212
P0003,2024-01-05,6.333691,False,False,False,True,2.8021047
P0003,2024-01-06,4.7173834,False,False,False,True,0.6369041
P0003,2024-01-07,4.9207606,False,False,True,True,1.4954218
P0003,2024-01-08,5.129021,False,True,False,False,1.6305449
P0003,2024-01-09,5.1383395,True,True,True,True,1.5473136
P0003,2024-01-10,5.1419888,False,False,False,True,2.1588435
P0003,2024-01-11,6.0535164,False,False,True,True,0.7133742
P0003,2024-01-12,6.117846,False,False,True,False,1.024764
P0003,2024-01-13,5.0550876,True,True,True,True,1.9121028
P0003,2024-01-14,8.703592,False,True,False,True,1.5019077
P0003,2024-01-15,7.2096734,False,True,False,False,1.4332733
P0003,2024-01-16,6.08284,False,True,True,True,2.2899306
P0003,2024-01-17,6.3386064,True,True,False,False,0.54927635
P0003,2024-01-18,5.8868856,True,True,True,True,0.74860346
P0003,2024-01-19,5.664303,False,False,False,True,2.1702127
P0003,2024-01-20,4.8556194,True,True,False,True,0.71377134
P0003,2024-01-21,4.4436474,True,True,False,True,2.7316792
P0003,2024-01-22,5.7502623,True,True,True,True,1.1701591
P0003,2024-01-23,5.799402,False,False,False,True,2.8711333
P0003,2024-01-24,5.4354334,False,True,False,True,2.7363806
P0003,2024-01-25,6.2605495,False,True,False,True,2.0836957
P0003,2024-01-26,5.7861276,False,False,False,True,0.9291982
P0003,2024-01-27,4.9770837,True,True,False,True,1.9412912
P0003,2024-01-28,5.1154356,False,False,False,True,0.52748954
P0003,2024-01-29,5.779079,False,False,False,True,2.0012922
P0003,2024-01-30,5.2678957,False,True,False,True,1.4578463
P0004,2024-01-01,2.4734647,False,False,False,True,2.5722888
P0004,2024-01-02,3.273915,True,True,True,True,0.692383
P0004,2024-01-03,2.5967212,False,True,True,True,1.8487282
P0004,2024-01-04,3.122058,False,True,False,True,1.0823987
P0004,2024-01-05,2.7787347,False,True,False,True,2.8476694
P0004,2024-01-06,2.0410094,False,True,False,True,1.699689
P0004,2024-01-07,1.7140597,False,False,False,True,1.5533925
P0004,2024-01-08,7.3454156,False,True,True,True,1.2180974
P0004,2024-01-09,4.7089176,False,True,True,False,1.5694329
P0004,2024-01-10,3.327274,False,True,False,False,0.7235275
P0004,2024-01-11,3.2897773,False,False,False,True,0.91758484
P0004,2024-01-12,3.1520324,False,True,False,True,2.019342
P0004,2024-01-13,2.441093,True,True,True,True,2.4489613
P0004,2024-01-14,2.5146277,True,False,False,False,2.9872696
P0004,2024-01-15,3.2786179,False,True,False,True,2.5395827
P0004,2024-01-16,8.739309,False,True,False,True,0.7287171
P0004,2024-01-17,2.377224,False,True,False,False,2.655319
P0004,2024-01-18,2.5789654,False,True,True,True,1.4317213
P0004,2024-01-19,3.1054273,False,True,True,True,2.2081468
P0004,2024-01-20,1.7842538,False,True,False,True,2.5617025
P0004,2024-01-21,1.8550892,False,True,True,False,2.493565
P0004,2024-01-22,2.8907354,False,False,False,False,2.2436786
P0004,2024-01-23,2.8337905,False,True,False,True,2.7021768
P0004,2024-01-24,3.428043,True,True,True,True,2.3587706
P0004,2024-01-25,7.087429,False,True,False,True,1.2175953
P0004,2024-01-26,3.73005,False,True,True,True,1.8499634
P0004,2024-01-27,2.6822417,True,True,False,False,1.3546804
P0004,2024-01-28,2.1235669,False,True,False,False,0.6695926
P0004,2024-01-29,3.099462,False,True,False,True,2.0522888
P0004,2024-01-30,7.432066,False,False,False,False,0.8252156
P0005,2024-01-01,4.3239636,False,True,False,False,2.4496274
P0005,2024-01-02,4.3205147,False,True,False,False,0.85623884
P0005,2024-01-03,9.044895,False,False,False,True,1.3161533
P0005,2024-01-04,6.3899217,False,True,False,True,0.69644624
P0005,2024-01-05,8.373037,False,False,False,False,1.0003756
P0005,2024-01-06,4.806183,True,True,False,False,0.57896537
P0005,2024-01-07,4.2024055,True,False,False,False,2.2852173
P0005,2024-01-08,4.636152,False,False,True,False,1.8689809
P0005,2024-01-09,5.7791724,True,True,False,False,0.704075
P0005,2024-01-10,5.322758,True,True,True,False,1.048035
P0005,2024-01-11,9.619002,False,True,False,False,1.7454892
P0005,2024-01-12,8.348733,False,True,False,False,2.1258142
P0005,2024-01-13,4.5632315,False,True,True,True,1.6565574
P0005,2024-01-14,4.3896885,True,True,False,True,1.4275969
P0005,2024-01-15,4.6183367,False,True,False,False,1.5965385
P0005,2024-01-16,9.334883,False,False,False,True,1.1920695
P0005,2024-01-17,6.745517,True,True,True,False,2.0789006
P0005,2024-01-18,5.9323235,False,False,False,True,1.0938584
P0005,2024-01-19,5.154613,False,True,False,False,1.1180776
P0005,2024-01-20,4.8371434,False,False,False,False,0.90880966
P0005,2024-01-21,3.9021065,True,True,False,False,1.3129752
P0005,2024-01-22,4.7682533,False,True,False,True,1.0901262
P0005,2024-01-23,5.7438912,False,False,False,False,1.5772188
P0005,2024-01-24,5.3031383,False,False,False,True,0.919048
P0005,2024-01-25,5.4772305,True,False,False,True,2.6104262
P0005,2024-01-26,9.356097,False,False,True,True,1.174374
P0005,2024-01-27,5.387108,False,False,True,True,1.6304976
P0005,2024-01-28,4.9416614,False,False,True,True,2.9665754
P0005,2024-01-29,5.047919,True,False,False,False,1.6368496
P0005,2024-01-30,5.758467,False,False,True,True,1.2698249
P0006,2024-01-01,3.9524252,False,False,False,False,2.412208
P0006,2024-01-02,4.3674965,True,True,False,True,0.989445
P0006,2024-01-03,3.2656024,True,True,True,True,2.8175864
P0006,2024-01-04,3.745216,True,True,True,False,1.1419414
P0006,2024-01-05,3.5687072,False,False,False,True,2.0258346
P0006,2024-01-06,3.1060538,False,True,False,True,0.95287335
P0006,2024-01-07,2.2417157,True,False,False,True,1.9182806
P0006,2024-01-08,3.4660833,False,False,False,False,0.60853136
P0006,2024-01-09,4.037079,False,False,False,False,2.7105162
P0006,2024-01-10,4.3574758,False,True,False,True,2.5996532
P0006,2024-01-11,4.0876822,True,True,True,True,2.5565357
P0006,2024-01-12,3.7462416,True,True,True,True,1.9665211
P0006,2024-01-13,2.8965044,False,False,False,True,0.55909646
P0006,2024-01-14,2.9051938,False,False,False,True,1.477265
P0006,2024-01-15,7.1434755,False,False,False,True,2.2378614
P0006,2024-01-16,4.0094767,False,False,False,False,2.9781399
P0006,2024-01-17,4.3300633,True,True,False,False,1.1854017
P0006,2024-01-18,4.0882487,True,True,True,True,1.066641
P0006,2024-01-19,3.9974856,True,False,True,False,1.0842803
P0006,2024-01-20,2.5495968,False,False,False,True,1.3325047
P0006,2024-01-21,2.580601,False,False,False,False,2.3266263
P0006,2024-01-22,9.947328,False,True,False,False,0.93825734
P0006,2024-01-23,3.6804633,False,False,True,True,2.3904083
P0006,2024-01-24,7.2841587,False,False,False,True,1.4982898
P0006,2024-01-25,4.9301233,True,False,False,False,2.6050832
P0006,2024-01-26,4.7021084,False,True,False,True,2.565169
P0006,2024-01-27,2.5851474,True,True,True,True,1.400341
P0006,2024-01-28,2.9254694,False,False,False,True,1.6180063
P0006,2024-01-29,3.2712042,False,False,False,False,2.980395
P0006,2024-01-30,4.024308,False,True,False,True,2.5436242
P0007,2024-01-01,6.370036,True,True,False,True,1.540385
P0007,2024-01-02,6.2830524,False,True,False,False,0.8427743
P0007,2024-01-03,6.2347045,False,True,False,False,2.5038428
P0007,2024-01-04,5.540708,True,True,True,True,2.6108928
P0007,2024-01-05,5.0192456,False,True,False,False,1.6900454
P0007,2024-01-06,4.472649,False,False,False,False,2.8883367
P0007,2024-01-07,4.0677414,False,True,False,True,1.1366765
P0007,2024-01-08,9.272665,True,False,False,False,2.1483848
P0007,2024-01-09,5.3593855,False,False,True,False,0.8754225
P0007,2024-01-10,10.0,False,False,True,True,2.2908084
P0007,2024-01-11,7.141107,True,True,False,False,1.3831285
P0007,2024-01-12,10.0,False,False,False,True,0.93527335
P0007,2024-01-13,10.0,True,False,False,True,0.5523624
P0007,2024-01-14,6.448861,False,True,False,False,1.4548491
P0007,2024-01-15,6.4702644,True,False,False,False,1.8257554
P0007,2024-01-16,5.866712,False,False,False,False,2.004704
P0007,2024-01-17,5.852514,True,True,False,False,0.82023937
P0007,2024-01-18,6.070234,False,False,False,True,1.5801922
P0007,2024-01-19,5.3095903,False,False,False,True,0.80375344
P0007,2024-01-20,4.6643176,True,False,False,True,2.5398674
P0007,2024-01-21,8.380482,False,False,False,False,1.6513487
P0007,2024-01-22,5.9628143,True,True,False,False,0.9435719
P0007,2024-01-23,5.5471387,False,False,False,True,0.912037
P0007,2024-01-24,5.003329,True,False,False,True,1.7646317
P0007,2024-01-25,4.7808814,False,False,False,False,1.2438711
P0007,2024-01-26,4.8672433,False,False,False,False,2.402804
P0007,2024-01-27,5.01519,True,False,True,True,2.3161542
P0007,2024-01-28,4.625309,True,True,False,True,1.8877124
P0007,2024-01-29,5.98349,False,True,False,False,1.8855662
P0007,2024-01-30,5.64429,False,True,False,True,2.8951838
P0008,2024-01-01,6.395673,False,True,False,False,0.96525353
P0008,2024-01-02,4.433104,False,True,True,True,2.3198483
P0008,2024-01-03,4.643799,False,False,False,True,2.0255628
P0008,2024-01-04,4.874564,False,False,False,False,0.67239505
P0008,2024-01-05,4.064559,True,True,False,True,2.7656364
P0008,2024-01-06,3.0769653,True,False,False,False,0.6634154
P0008,2024-01-07,3.0678205,True,True,False,True,1.8310517
P0008,2024-01-08,4.2475767,False,False,True,True,2.9084861
P0008,2024-01-09,4.1910915,False,True,False,True,2.3270524
P0008,2024-01-10,3.8920197,False,False,False,True,1.6598312
P0008,2024-01-11,7.273057,False,True,False,True,0.8781171
P0008,2024-01-12,5.2423387,False,False,False,True,0.78692216
P0008,2024-01-13,2.9626372,False,False,True,False,1.8588456
P0008,2024-01-14,2.9259164,False,True,True,False,2.6249385
P0008,2024-01-15,3.4620216,False,True,False,True,0.65568274
P0008,2024-01-16,4.237039,False,True,True,False,1.0034095
P0008,2024-01-17,3.487855,False,True,False,True,1.0122032
P0008,2024-01-18,3.956396,False,False,False,True,2.962474
P0008,2024-01-19,3.9468372,False,True,True,True,2.7730505
P0008,2024-01-20,3.2450495,False,True,False,False,1.45105
P0008,2024-01-21,2.4281676,False,True,False,True,2.482136
P0008,2024-01-22,3.626984,False,False,False,False,1.8325722
P0008,2024-01-23,9.92724,False,False,False,True,2.6429482
P0008,2024-01-24,4.0596995,False,True,False,True,1.0050392
P0008,2024-01-25,4.149349,False,False,True,True,2.038245
P0008,2024-01-26,4.278416,False,False,False,False,1.5444025
P0008,2024-01-27,3.5153196,False,False,False,True,2.7048194
P0008,2024-01-28,2.7244642,False,True,True,True,1.8184991
P0008,2024-01-29,7.1073484,False,True,False,True,2.6454427
P0008,2024-01-30,4.916319,False,False,False,True,2.5540922
P0009,2024-01-01,4.093392,False,True,True,False,1.203803
P0009,2024-01-02,4.284372,True,True,False,True,1.1047345
P0009,2024-01-03,4.8093176,False,True,False,True,1.2497978
P0009,2024-01-04,4.2765436,True,False,False,False,1.9830539
P0009,2024-01-05,3.8906863,True,True,True,False,0.58667564
P0009,2024-01-06,7.1871705,False,False,False,True,2.5784338
P0009,2024-01-07,4.6878853,False,True,True,False,2.1730006
P0009,2024-01-08,3.911715,False,True,False,False,1.2923665
P0009,2024-01-09,3.873795,False,True,False,False,2.017724
P0009,2024-01-10,3.7253563,False,True,True,False,0.760562
P0009,2024-01-11,3.9691818,True,True,True,False,2.3589847
P0009,2024-01-12,4.185703,False,True,True,False,1.6812334
P0009,2024-01-13,3.7064354,True,True,False,False,1.7051027
P0009,2024-01-14,3.4600925,False,True,True,False,0.5137645
P0009,2024-01-15,4.271785,True,True,True,False,2.5064642
P0009,2024-01-16,4.139317,False,True,False,False,0.7177319
P0009,2024-01-17,4.784279,True,True,False,False,1.7338665
P0009,2024-01-18,4.4595428,False,True,True,False,1.5545704
P0009,2024-01-19,5.0730667,False,True,False,False,2.559476
P0009,2024-01-20,3.852226,False,True,False,True,1.144018
P0009,2024-01-21,2.9527028,False,True,True,False,1.6405913
P0009,2024-01-22,4.196916,True,True,False,True,0.70045006
P0009,2024-01-23,4.0786777,False,True,False,False,1.984152
P0009,2024-01-24,4.5489182,False,False,False,False,2.3099327
P0009,2024-01-25,3.8266299,True,False,True,False,0.8553428
P0009,2024-01-26,8.237088,False,True,False,False,0.6093477
P0009,2024-01-27,5.0341077,False,True,False,False,2.6140108
P0009,2024-01-28,3.4132278,True,True,True,True,2.472463
P0009,2024-01-29,4.5602827,False,False,False,False,1.577463
P0009,2024-01-30,4.1235285,False,True,False,False,2.2639647
